ID,Description,GeneRatio,BgRatio,RichFactor,FoldEnrichment,zScore,pvalue,p.adjust,qvalue,geneID,Count
GO:0007612,learning,12/321,159/18986,0.07547169811320754,4.463880561923235,5.751945062013447,1.7232212051407348e-5,0.044665152259104855,0.041537262861964505,CNTN2/DKK1/DRD2/FOXB1/GRIN2A/INSR/JPH4/KRAS/NRXN3/OPRK1/PPP1R1B/SHANK2,12
GO:0060914,heart formation,6/321,35/18986,0.17142857142857143,10.139385847797064,7.097065100761866,2.3929896736729097e-5,0.044665152259104855,0.041537262861964505,DKK1/EYA1/FOXH1/HES1/PIM1/POU5F1,6
