ID,Description,GeneRatio,BgRatio,RichFactor,FoldEnrichment,zScore,pvalue,p.adjust,qvalue,geneID,Count
GO:1902969,mitotic DNA replication,6/309,17/18986,0.35294117647058826,21.685893774985722,10.975075427644876,1.8841924837062595e-7,6.182035539040238e-4,5.731911871485358e-4,BCL6/FGFR1/GINS1/MCM3/MCM4/RAD51,6
GO:0051017,actin filament bundle assembly,12/309,164/18986,0.07317073170731707,4.49585602652143,5.783271204491872,1.6121000523203775e-5,0.01683502392993185,0.015609239531433951,BAG4/CALD1/CARMIL1/DIAPH3/FERMT2/MICAL1/PAWR/PHLDB2/PLS3/RAC1/RHPN2/SWAP70,12
GO:0006275,regulation of DNA replication,10/309,127/18986,0.07874015748031496,4.838060291007314,5.58194179908381,4.398074149142127e-5,0.02694489554852481,0.02498299559994119,BCL6/CDC6/DSCC1/FGFR1/GTPBP4/JADE1/MCM3/MCM4/RFC3/WEE1,10
GO:0007264,small GTPase-mediated signal transduction,21/309,491/18986,0.04276985743380855,2.6279239910624246,4.700874780194419,5.914960874159173e-5,0.027724266611594637,0.025705619438075204,ARHGAP10/ARHGAP15/ARHGAP44/ARHGEF4/BCL6/CCDC125/CD2AP/CDC42SE2/FGF2/NGEF/NRAS/PIK3CB/PREX2/RAB33B/RAC1/RALA/RHOU/RND2/ROBO1/RRAS2/SWAP70,21
GO:0006271,DNA strand elongation involved in DNA replication,4/309,15/18986,0.26666666666666666,16.384897518878102,7.667011351527243,8.151838877186782e-5,0.030811128542097586,0.028567722127933404,GINS1/MCM3/MCM4/RFC3,4
GO:0048839,inner ear development,12/309,202/18986,0.0594059405940594,3.6501009324233396,4.8705167460866425,1.2300627373641173e-4,0.034795687428326526,0.0322621590554432,CECR2/DIAPH3/FGF2/FGFR1/FZD6/LRIG3/OTX1/REST/ROR1/SIX4/SOX2/STOX1,12
